postgres=# postgres=# \i Desktop/b461/assignment6.sqlpsql:Desktop/b461/assignment6.sql:1: NOTICE:  database "assignment6" does not exist, skippingDROP DATABASECREATE DATABASEpsql:Desktop/b461/assignment6.sql:7: ERROR:  cannot drop table person because other objects depend on itDETAIL:  view knowsperson depends on table personview knowspersons depends on table personview isknownbypersons depends on table personview personhasskills depends on table personview skillzthatkill depends on view personhasskillsHINT:  Use DROP ... CASCADE to drop the dependent objects too.psql:Desktop/b461/assignment6.sql:13: ERROR:  relation "person" already existsINSERT 0 31psql:Desktop/b461/assignment6.sql:46: ERROR:  cannot drop table knows because other objects depend on itDETAIL:  view knowsperson depends on table knowsview knowspersons depends on table knowsview isknownbypersons depends on table knowsHINT:  Use DROP ... CASCADE to drop the dependent objects too.psql:Desktop/b461/assignment6.sql:50: ERROR:  relation "knows" already existsINSERT 0 119psql:Desktop/b461/assignment6.sql:171: ERROR:  cannot drop table company because other objects depend on itDETAIL:  view companylocations depends on table companyHINT:  Use DROP ... CASCADE to drop the dependent objects too.psql:Desktop/b461/assignment6.sql:174: ERROR:  relation "company" already existsINSERT 0 11psql:Desktop/b461/assignment6.sql:186: ERROR:  cannot drop table companylocation because other objects depend on itDETAIL:  view cityhascompanies depends on table companylocationview companylocations depends on table companylocationHINT:  Use DROP ... CASCADE to drop the dependent objects too.psql:Desktop/b461/assignment6.sql:190: ERROR:  relation "companylocation" already existsINSERT 0 25psql:Desktop/b461/assignment6.sql:217: ERROR:  cannot drop table worksfor because other objects depend on itDETAIL:  view skillzthatkill depends on table worksforHINT:  Use DROP ... CASCADE to drop the dependent objects too.psql:Desktop/b461/assignment6.sql:222: ERROR:  relation "worksfor" already existsINSERT 0 31psql:Desktop/b461/assignment6.sql:254: ERROR:  cannot drop table jobskill because other objects depend on itDETAIL:  view skillofpersons depends on table jobskillHINT:  Use DROP ... CASCADE to drop the dependent objects too.psql:Desktop/b461/assignment6.sql:257: ERROR:  relation "jobskill" already existsINSERT 0 7psql:Desktop/b461/assignment6.sql:266: ERROR:  cannot drop table personskill because other objects depend on itDETAIL:  view personhasskills depends on table personskillview skillzthatkill depends on view personhasskillsview skillofpersons depends on table personskillHINT:  Use DROP ... CASCADE to drop the dependent objects too.psql:Desktop/b461/assignment6.sql:270: ERROR:  relation "personskill" already existsINSERT 0 64CREATE FUNCTIONCREATE FUNCTIONCREATE FUNCTIONCREATE FUNCTIONCREATE FUNCTIONCREATE FUNCTIONCREATE FUNCTIONCREATE FUNCTION1(a)DROP VIEWCREATE VIEW     city     |               companies                --------------+---------------------------------------- Bloomington  | {Amazon,Intel,Google,Yahoo,Netflix} Chicago      | {Hulu,Microsoft,Zoom,Yahoo,Google} Indianapolis | {Apple,Microsoft,Amazon,Netflix,Yahoo} NewYork      | {Hulu,Amazon,IBM,Intel,Yahoo,Netflix} SanFrancisco | {Netflix,Yahoo,IBM} SanFransisco | {Zoom}(6 rows)(b)DROP VIEWCREATE VIEW   cname   |                         cities                          -----------+--------------------------------------------------------- Amazon    | {Bloomington,Indianapolis,NewYork} Apple     | {Indianapolis} Britbox   | {} Google    | {Bloomington,Chicago} Hulu      | {Chicago,NewYork} IBM       | {NewYork,SanFrancisco} Intel     | {Bloomington,NewYork} Microsoft | {Chicago,Indianapolis} Netflix   | {Bloomington,Indianapolis,NewYork,SanFrancisco} Yahoo     | {Bloomington,Chicago,Indianapolis,NewYork,SanFrancisco} Zoom      | {Chicago,SanFransisco}(11 rows)(c)DROP VIEWCREATE VIEWpid |                       knows                       -----+---------------------------------------------------   1 | {5,7,9,10,20,26}   2 | {14}   3 | {2,4,10,22}   4 | {3,8,9,10,12,19,28}   5 | {22,28}   6 | {18,26}   7 | {9,16}   8 | {17}   9 | {26}  10 | {5,6,27}  11 | {12,14,19,27}  12 | {2,3,4,5,11,13,16,23}  13 | {14,15,18,30}  14 | {5,24,28}  15 | {7,8,13,25,28}  16 | {3,13,20,24}  17 | {7,20,23}  18 | {11,22,24,25}  19 | {4,11,27}  20 | {10,13,22}  21 | {29}  22 | {21}  23 | {22}  24 | {5,11,18,19,23,29}  25 | {10,24}  26 | {3,12,22}  27 | {3,15,22,23}  28 | {10,14,30}  29 | {13,15,20,22}  30 | {3,10,12,15,17}  31 | {1,2,3,4,5,6,7,8,9,10,11,12,14,15,16,20,21,22,23}(31 rows)(d)DROP VIEWCREATE VIEWpid |           known            -----+----------------------------   1 | {31}   2 | {3,12,31}   3 | {4,12,16,26,27,30,31}   4 | {3,12,19,31}   5 | {1,10,12,14,24,31}   6 | {10,31}   7 | {1,15,17,31}   8 | {4,15,31}   9 | {1,4,7,31}  10 | {1,3,4,20,25,28,30,31}  11 | {12,18,19,24,31}  12 | {4,11,26,30,31}  13 | {12,15,16,20,29}  14 | {2,11,13,28,31}  15 | {13,27,29,30,31}  16 | {7,12,31}  17 | {8,30}  18 | {6,13,24}  19 | {4,11,24}  20 | {1,16,17,29,31}  21 | {22,31}  22 | {3,5,18,20,23,26,27,29,31}  23 | {12,17,24,27,31}  24 | {14,16,18,25}  25 | {15,18}  26 | {1,6,9}  27 | {10,11,19}  28 | {4,5,14,15}  29 | {21,24}  30 | {13,28}  31 | {}(31 rows)(e)psql:Desktop/b461/assignment6.sql:446: ERROR:  cannot drop view personhasskills because other objects depend on itDETAIL:  view skillzthatkill depends on view personhasskillsHINT:  Use DROP ... CASCADE to drop the dependent objects too.psql:Desktop/b461/assignment6.sql:452: ERROR:  relation "personhasskills" already existspid |                      skillz                       -----+---------------------------------------------------   1 | {Databases,Networks,OperatingSystems}   2 | {Databases,Mathematics,Networks}   3 | {Programming}   4 | {AI,Networks}   5 | {Databases,Networks,Programming}   6 | {Networks}   7 | {Mathematics,Programming}   8 | {Databases}   9 | {AI,Programming}  10 | {AI,Networks,Programming}  11 | {}  12 | {Databases,Programming}  13 | {AI,Mathematics,Networks}  14 | {AI,Mathematics,Programming}  15 | {Databases,Programming}  16 | {Databases,Mathematics,Networks}  17 | {AI,Networks}  18 | {Mathematics}  19 | {AI,Networks,Programming}  20 | {AI,Programming}  21 | {Programming}  22 | {AI,Programming}  23 | {AI,Programming}  24 | {Databases,Programming}  25 | {Networks}  26 | {Databases,Networks}  27 | {Mathematics,Networks,Programming}  28 | {AI,Databases}  29 | {Databases,Networks,OperatingSystems,Programming}  30 | {Databases,OperatingSystems}  31 | {Databases}(31 rows)(f)DROP VIEWCREATE VIEW      skill       |                    peoples                    ------------------+----------------------------------------------- AI               | {4,9,10,13,14,17,19,20,22,23,28} Algorithms       | {} Databases        | {1,2,5,8,12,15,16,24,26,28,29,30,31} Mathematics      | {2,7,13,14,16,18,27} Networks         | {1,2,4,5,6,10,13,16,17,19,25,26,27,29} OperatingSystems | {1,29,30} Programming      | {3,5,7,9,10,12,14,15,19,20,21,22,23,24,27,29}(7 rows)ex 4psql:Desktop/b461/assignment6.sql:474: ERROR:  function cardinality(integer[]) does not existLINE 3: where cardinality((select k.knows              ^HINT:  No function matches the given name and argument types. You might need to add explicit type casts.this is proof that the cardinality function is not working for me...2(a) pid | name  -----+-------  12 | Deepa  24 | Aya  31 | Linda(3 rows)(b) pid | name  -----+-------   1 | Nick  10 | Lisa  12 | Deepa  14 | Ryan  24 | Aya  31 | Linda(6 rows)(c)   skill    ------------ Algorithms(1 row)(d)psql:Desktop/b461/assignment6.sql:504: ERROR:  function cardinality(integer[]) does not existLINE 3: where (phs.pid = wf.pid and cardinality(array(select wf2.pid                                    ^HINT:  No function matches the given name and argument types. You might need to add explicit type casts.i dont know why cardinality wont count the skills in the table...but i feel as if this should work, but wont because cardinality isnt working(e) pid -----   2   3   5   6   7   8  11  12  15  16  18  21  24  25  26  27  31(17 rows)(f)psql:Desktop/b461/assignment6.sql:518: ERROR:  function cardinality(text[]) does not existLINE 3: where cardinality(p.skillz) = 3;              ^HINT:  No function matches the given name and argument types. You might need to add explicit type casts.cardinality is definitively not working for some reason on my computer. hope it works on yours :)(g)pid |   name   | array  -----+----------+--------   1 | Nick     | {5}   2 | Deepa    | {}   3 | Eric     | {}   4 | Ryan     | {3}   5 | Hasan    | {}   6 | Arif     | {18}   7 | Ryan     | {}   8 | Jean     | {}   9 | Aya      | {}  10 | Lisa     | {5}  11 | Arif     | {}  12 | Deepa    | {3,5}  13 | Nick     | {18}  14 | Ryan     | {5}  15 | Nick     | {}  16 | Anna     | {3}  17 | Lisa     | {}  18 | Ryan     | {}  19 | Lisa     | {}  20 | Danielle | {}  21 | Eric     | {}  22 | Anna     | {}  23 | Chris    | {}  24 | Aya      | {18,5}  25 | Arif     | {}  26 | Anna     | {3}  27 | Latha    | {3}  28 | Eric     | {}  29 | Linda    | {}  30 | Aya      | {3}  31 | Linda    | {3,5}(31 rows)(i)DROP VIEWCREATE VIEWpid |                  setintersection                  -----+---------------------------------------------------   1 | {Databases,Networks,OperatingSystems}   2 | {Databases,Mathematics,Networks}   3 | {Programming}   4 | {AI,Networks}   5 | {Databases,Networks,Programming}   6 | {Networks}   7 | {Mathematics,Programming}   8 | {Databases}   9 | {AI,Programming}  10 | {AI,Networks,Programming}  11 | {}  12 | {Databases,Programming}  13 | {AI,Mathematics,Networks}  14 | {AI,Mathematics,Programming}  15 | {Databases,Programming}  16 | {Databases,Mathematics,Networks}  17 | {AI,Networks}  18 | {Mathematics}  19 | {AI,Networks,Programming}  20 | {AI,Programming}  21 | {Programming}  22 | {AI,Programming}  23 | {AI,Programming}  24 | {Databases,Programming}  25 | {Networks}  26 | {Databases,Networks}  27 | {Mathematics,Networks,Programming}  28 | {AI,Databases}  29 | {Databases,Networks,OperatingSystems,Programming}  30 | {Databases,OperatingSystems}  31 | {Databases}(31 rows)DROP DATABASE